campaign_id,collection_name,rail_name,collection_rank,pinned,product_url,product_name,brand,price,currency,image_url,notes
seasonal-turn-2026,Perfume Wardrobe,The Scent You Keep,1,yes,,Missing Person Eau de Parfum (50ml),Phlur,99,USD,,[signature] Cult skin-musk floral; the accessible-niche sign
seasonal-turn-2026,Perfume Wardrobe,The Scent You Keep,2,yes,,Xtra Milk Fragrance (1.7oz),Dedcool,90,USD,,[skin_scent] The viral 'you but better' clean musk; the gend
seasonal-turn-2026,Perfume Wardrobe,The Scent You Keep,3,yes,,Xtra Milk Travel Spray (15ml),Dedcool,30,USD,,[travel_discovery] Travel size of the skin-scent pillar; und
seasonal-turn-2026,Perfume Wardrobe,The Scent You Keep,4,yes,,Salt Eau de Parfum (50ml),Ellis Brooklyn,115,USD,,[fresh_day] Aquatic salt-musk; Allure Best of Beauty; the fr
seasonal-turn-2026,Perfume Wardrobe,The Scent You Keep,5,yes,,Sun Fruit Eau de Parfum (50ml),Ellis Brooklyn,115,USD,,[fresh_day] Fig/coconut/jasmine fruity-floral; the bright da
seasonal-turn-2026,Perfume Wardrobe,The Scent You Keep,6,yes,,Cheirosa 62 Perfume Mist (90ml),Sol de Janeiro,26,USD,,[fresh_day] Pistachio/salted-caramel gourmand mist; the unde
seasonal-turn-2026,Perfume Wardrobe,The Scent You Keep,7,yes,,Cheirosa 62 Perfume Mist (240ml),Sol de Janeiro,39,USD,,[skin_scent] Jumbo of the cult gourmand mist; the cost-effec
seasonal-turn-2026,Perfume Wardrobe,The Scent You Keep,8,yes,,Capri Summer Eau de Parfum (50ml),Skylar,96,USD,,[fresh_day] Hypoallergenic citrus EDP; fresh-day clean slot.
seasonal-turn-2026,Perfume Wardrobe,The Scent You Keep,9,yes,,Vanilla Skin,Phlur,99,USD,,[skin_scent] Woody gourmand skin scent; the clean-vanilla la
seasonal-turn-2026,Perfume Wardrobe,The Scent You Keep,10,yes,,Discovery Set,Phlur,39,USD,,[travel_discovery] 8x2mL across the Phlur range + $20 credit
seasonal-turn-2026,Perfume Wardrobe,The Scent You Keep,11,yes,,MEMOIR Fragrance Discovery Set,Ellis Brooklyn,39,USD,,[travel_discovery] 9x1.5mL of the full EB range; under-$40 t
seasonal-turn-2026,Perfume Wardrobe,The Scent You Keep,12,yes,,Vanilla Era,Boy Smells,78,USD,,[night] Vanilla absolute + black amber + espresso; the warm 
seasonal-turn-2026,Perfume Wardrobe,The Scent You Keep,13,no,,I Don't Know What,D.S. & Durga,225,USD,,[skin_scent] Iso E Super skin-amplifier; doubles as a layeri
seasonal-turn-2026,Perfume Wardrobe,The Scent You Keep,14,no,,Big Sur Eucalyptus,D.S. & Durga,225,USD,,[fresh_day] Eucalyptus/cardamom/cypress coastal fresh; the a
seasonal-turn-2026,Perfume Wardrobe,The Scent You Keep,15,no,,I Don't Know What Pocket Spray,D.S. & Durga,80,USD,,[travel_discovery] Pocket spray of the IDKW enhancer; the la
seasonal-turn-2026,Perfume Wardrobe,The Scent You Keep,16,no,,REPLICA By the Fireplace,Maison Margiela,170,USD,,[night] Chestnut/vanilla/clove cozy fireside night scent; bo
seasonal-turn-2026,Perfume Wardrobe,The Scent You Keep,17,no,,REPLICA By the Fireplace,Maison Margiela,115,USD,,[night] 30mL of the cozy night scent; 30mL price inferred (1
seasonal-turn-2026,Perfume Wardrobe,The Scent You Keep,18,no,,You Eau de Parfum,Glossier,82,USD,,[signature] Ambrette/iris/musk chameleon skin scent; the acc
seasonal-turn-2026,Perfume Wardrobe,The Scent You Keep,19,no,,VANILLA | 28,Kayali,105,USD,,[night] Vanilla/musk/amber; the #1 PerfumeTok vanilla layeri
seasonal-turn-2026,Perfume Wardrobe,The Scent You Keep,20,no,,VANILLA | 28,Kayali,150,USD,,[night] Full-size 100mL; the layering staple worn over Gloss
seasonal-turn-2026,Perfume Wardrobe,The Scent You Keep,21,no,,Sweet Ash,Snif,68,USD,,"[signature] Juniper/fir/tonka/vanilla; Snif's #1 bestseller,"
seasonal-turn-2026,Perfume Wardrobe,The Scent You Keep,22,no,,Sweet Ash Mini,Snif,26,USD,,[travel_discovery] Mini of Sweet Ash w/ return option; under
seasonal-turn-2026,Perfume Wardrobe,The Scent You Keep,23,no,,Queens & Monsters,Henry Rose,120,USD,,"[occasion] Jasmine/coco-musk/sandalwood; EWG-Verified, Allur"
seasonal-turn-2026,Perfume Wardrobe,The Scent You Keep,24,no,,Windows Down,Henry Rose,120,USD,,[fresh_day] Grapefruit/bergamot/Earl-Grey bright citrus; cle
seasonal-turn-2026,Perfume Wardrobe,The Scent You Keep,25,no,,Queens & Monsters Travel Spray,Henry Rose,35,USD,,[travel_discovery] 8mL travel of the occasion hero; under-$4
seasonal-turn-2026,Perfume Wardrobe,The Scent You Keep,26,no,,Santal 33,Le Labo,214,USD,,[signature] Cardamom/sandalwood/leather; the original 'cool-
seasonal-turn-2026,Perfume Wardrobe,The Scent You Keep,27,no,,Mojave Ghost,Byredo,225,USD,,[occasion] Ambrette/magnolia/sandalwood; Byredo's diffusive 
seasonal-turn-2026,Perfume Wardrobe,The Scent You Keep,28,no,,Gypsy Water,Byredo,225,USD,,[night] Bergamot/incense/pine/vanilla; the iconic Byredo dus
seasonal-turn-2026,Perfume Wardrobe,The Scent You Keep,29,no,,Baccarat Rouge 540,Maison Francis Kurkdjian,360,USD,,[occasion] Saffron/amberwood; the #1 'smell expensive' refer
seasonal-turn-2026,The Summer Bag,The Bag That Survives The Turn,1,yes,,Cyme Raffia,Polène,540,USD,,Handwoven Madagascar raffia tote; THE summer-2026 it-bag ear
seasonal-turn-2026,The Summer Bag,The Bag That Survives The Turn,2,yes,,Cyme Mini Raffia,Polène,450,USD,,Mini top-handle/crossbody of the icon Cyme in raffia; the wa
seasonal-turn-2026,The Summer Bag,The Bag That Survives The Turn,3,yes,,Cyme Raffia,Polène,540,USD,,Darker raffia colorway of the Cyme for versatility; raffia i
seasonal-turn-2026,The Summer Bag,The Bag That Survives The Turn,4,yes,,Tommy Beaded Bag,Staud,295,USD,,Hand-beaded shoulder bag — TikTok's 'bag of the summer'; thi
seasonal-turn-2026,The Summer Bag,The Bag That Survives The Turn,5,yes,,Tommy Beaded Bag,Staud,350,USD,,Limited-edition summer print of the viral hand-beaded Tommy;
seasonal-turn-2026,The Summer Bag,The Bag That Survives The Turn,6,yes,,Moon Raffia Bag,Staud,350,USD,,100% raffia crescent/moon silhouette bridging tote+shoulder;
seasonal-turn-2026,The Summer Bag,The Bag That Survives The Turn,7,yes,,Pearl Bag,Cult Gaia,498,USD,,"Sculptural pearl-handle clutch, a Cult Gaia 'ICON' SKU; the "
seasonal-turn-2026,The Summer Bag,The Bag That Survives The Turn,8,yes,,Azariah Bag,Cult Gaia,498,USD,,Half-moon top-handle (sculptural top-handle trend); Chrome-c
seasonal-turn-2026,The Summer Bag,The Bag That Survives The Turn,9,yes,,Farah Shoulder Bag,Cult Gaia,358,USD,,Natural straw shoulder bag filling the raffia slot; Chrome-c
seasonal-turn-2026,The Summer Bag,The Bag That Survives The Turn,10,yes,,Medium Nylon Crescent Bag,Baggu,56,USD,,Recycled-nylon crescent crossbody — Baggu's everyday-bag Tik
seasonal-turn-2026,The Summer Bag,The Bag That Survives The Turn,11,yes,,Small Nylon Crescent Bag,Baggu,52,USD,,Smaller crescent in the cult Piscine blue; $52 entry mini-cr
seasonal-turn-2026,The Summer Bag,The Bag That Survives The Turn,12,yes,,Fanny Pack,Baggu,56,USD,,"Crossbody/waist belt-bag with 45in strap; $56, machine washa"
seasonal-turn-2026,The Summer Bag,The Bag That Survives The Turn,13,no,,Medium Recycled Leather Crescent Bag,Baggu,117,USD,,Elevated recycled-leather version of the viral crescent; $11
seasonal-turn-2026,The Summer Bag,The Bag That Survives The Turn,14,no,,Grande Fanny,Clare V,425,USD,,Handwoven rattan belt bag/crossbody — Clare V permanent best
seasonal-turn-2026,The Summer Bag,The Bag That Survives The Turn,15,no,,Sandy,Clare V,185,USD,,"Slouchy leather summer tote, an icon-status everyday carry; "
seasonal-turn-2026,The Summer Bag,The Bag That Survives The Turn,16,no,,Sandy,Clare V,295,USD,,Raffia Sandy with brass sea charms — the on-trend charm-bag-
seasonal-turn-2026,The Summer Bag,The Bag That Survives The Turn,17,no,,Petit Pot de Miel w/ Bamboo Handle,Clare V,245,USD,,Bamboo-handle bucket bag in cream; the structured-summer buc
seasonal-turn-2026,The Summer Bag,The Bag That Survives The Turn,18,no,,Granger Straw Basket Tote,Loeffler Randall,395,USD,,Natural raffia market-basket tote w/ cognac trim; SOLD OUT/w
seasonal-turn-2026,The Summer Bag,The Bag That Survives The Turn,19,no,,Cyrus Ruffled Woven Tote,Loeffler Randall,175,USD,,Open crocheted raffia tote with ruffle detail; sculptural + 
seasonal-turn-2026,The Summer Bag,The Bag That Survives The Turn,20,no,,St Tropez Pom Pom Straw Tote,Kayu,165,USD,,Hand-woven seagrass market basket w/ raffia pom-poms; Kayu i
seasonal-turn-2026,The Summer Bag,The Bag That Survives The Turn,21,no,,Carmen Woven Straw Clutch,Kayu,172.5,USD,,"Woven straw clutch, the silhouette-gap filler; on sale $172."
seasonal-turn-2026,The Summer Bag,The Bag That Survives The Turn,22,no,,Palm Beach Embroidered Straw Clutch,Kayu,380,USD,,Hand-embroidered straw clutch; handcraft+embellishment macro
seasonal-turn-2026,The Summer Bag,The Bag That Survives The Turn,23,no,,The Canvas Transport Tote,Madewell,78,USD,,Sturdy canvas tote w/ leather straps — perennial sub-$100 wo
seasonal-turn-2026,The Summer Bag,The Bag That Survives The Turn,24,no,,The Transport Tote Straw Edition,Madewell,98,USD,,Straw version of the iconic Transport silhouette; ~$98 (on s
seasonal-turn-2026,The Summer Bag,The Bag That Survives The Turn,25,no,,100% Raffia Tote Bag,Mango,179.99,USD,,100% raffia double-handle tote; the cited sub-$200 raffia he
seasonal-turn-2026,The Summer Bag,The Bag That Survives The Turn,26,no,,Raffia Tote Bag (Men's),Mango,79.99,USD,,"Men's-line raffia tote, unisex appeal; ~$80 sub-$100 entry. "
seasonal-turn-2026,The Summer Bag,The Bag That Survives The Turn,27,no,,Small Basket Bag in Palm Leaf and Calfskin,Loewe,650,USD,,"THE luxury summer basket, handwoven palm leaf+calfskin; Chro"
seasonal-turn-2026,The Summer Bag,The Bag That Survives The Turn,28,no,,Aria Belt Bag,Senreve,495,USD,,Structured Italian-leather belt bag (multi-wear); the elevat
